Active Shooter Event,Active Shooter Casualties,Active Shooter Wounded,Active Shooter Killed,City,State,Location Type,Rifles,Shotguns,Handguns,Explosives,Date,Time ,Age of Shooter,Gender of Shooter
18 Miles of U.S. Route 64 from Sallisaw to Roland Oklahoma,10,8,2,Sallisaw,Oklahoma,Open Space,0,1,0,0,10/26/2002,5:00:00 PM,18,Male
ABB Plant,8,5,3,St. Louis,Missouri,Commerce,1,1,2,0,1/7/2010,6:30:00 AM,51,Male
Accent Signage Systems,8,2,6,Minneapolis,Minnesota,Commerce,0,0,1,0,9/27/2012,4:35:00 PM,36,Male
Advanced Granite Solutions and 28th Street Auto Sales and Service,6,3,3,Edgewood,Maryland,Commerce,0,0,1,0,10/18/2017,8:58:00 AM,37,Mae
"Albuquerque, New Mexico",4,4,0,Albuquerque,New Mexico,Open Space,2,0,3,0,10/26/2013,11:20:00 AM,35,Male
American Civic Association Center,17,4,13,Binghamton,New York,Commerce,0,0,2,0,4/3/2009,10:31:00 AM,41,Male
AmeriCold Logistics,3,3,0,Crete,Nebraska,Commerce,0,0,1,0,9/22/2010,9:54:00 PM,26,Male
Amko Trading Store,4,0,4,Houston,Texas,Commerce,0,0,2,0,1/9/2001,12:00:00 PM,54,Male
Am-Pac Tire Pros,3,2,1,Simi Valley,California,Commerce,0,0,1,0,10/8/2007,7:30:00 AM,29,Male
Andover Industries,3,2,1,Andover,Ohio,Commerce,0,0,4,0,8/19/2003,8:20:00 AM,32,Male
Antigo High School,2,2,0,Antigo,Wisconsin,Education,1,0,0,0,4/23/2016,11:02:00 PM,18,Male
Appalachian School of Law,6,3,3,Grundy,Virginia,Education,0,0,1,0,1/16/2002,1:15:00 PM,43,Male
Arapahoe High School,1,0,1,Centennial,Colorado,Education,0,1,0,3,12/13/2013,12:00:00 AM,18,Male
Arizona State Route 87,2,2,0,Phoenix,Arizona,Open Space,1,0,0,0,5/24/2016,8:30:00 PM,36,Male
AT&T Cellular,1,1,0,New York Mills,New York,Commerce,0,0,1,0,5/27/2010,1:00:00 PM,79,Male
Atlantis Plastics Factory,6,1,5,Henderson,Kentucky,Commerce,0,0,1,0,6/25/2008,12:00:00 AM,25,Male
Azana Day Salon,7,4,3,Brookfield,Wisconsin,Commerce,0,0,1,0,10/21/2012,11:09:00 AM,45,Male
Aztec High School,0,0,2,Aztec,New Mexico,Education,0,0,1,0,12/7/2017,8:00:00 AM,21,Male
Ben E. Keith Albuquerque,3,3,0,Albuquerque,New Mexico,Commerce,0,0,1,0,11/12/2018,6:56:00 PM,30,Male
Ben E. Keith Gulf Coast,2,1,1,Missouri City,Texas,Commerce,0,0,1,0,8/20/2018,2:00:00 AM,38,Female
"Benny's Car Wash, Oil Change & B-Quik and Hair Crown Beauty Supply",6,3,3,Baton Rouge,Louisiana,Open Space,2,0,1,0,7/17/2016,8:40:00 AM,29,Male
Berrendo Middle School,3,3,0,Roswell,New Mexico,Education,0,1,0,0,1/14/2014,7:30:00 AM,12,Male
Bertrand Products Inc,9,5,4,South Bend,Indiana,Commerce,1,1,0,0,3/22/2002,8:15:00 AM,54,Male
Best Buy in Hudson Valley Mall,2,2,0,Kingston,New York,Commerce,1,0,0,0,2/13/2005,3:15:00 PM,25,Male
Blue Sky Carnival,1,1,0,Bloomfield,New Jersey,Open Space,0,0,1,0,5/7/2010,10:22:00 PM,17,Male
Borderline Bar and Grill,28,16,12,Thousand Oaks,California,Commerce,0,0,1,0,11/7/2018,11:20:00 PM,28,Male
Boulder Stove and Flooring,2,0,2,Boulder,Colorado,Commerce,0,0,1,0,5/17/2010,11:05:00 AM,53,Male
"Brady, Texas and Jacksonville, North Carolina",6,5,1,Brady,Texas,Open Space,1,0,1,0,5/26/2013,4:30:00 AM,23,Male
"Brady, Texas and Jacksonville, North Carolina",1,0,1,Jacksonville,North Carolina,Open Space,1,0,1,0,5/26/2013,4:30:00 AM,23,Male
Bronx-Lebanon Hospital Center,7,6,1,Bronx,New York,Health Care,1,0,0,0,6/30/2017,2:50:00 PM,45,Male
Burger King and Huddle House,3,2,1,North Augusta,South Carolina,Commerce,1,0,0,0,11/22/2005,6:10:00 AM,,Male
Burnette Chapel Church of Christ,8,7,1,Antioch,Tennessee,House of Worship,0,0,2,0,9/24/2017,11:15:00 AM,25,Male
Café Racer,5,0,5,Seattle,Washington,Commerce,0,0,2,0,5/30/2012,10:52:00 AM,40,Male
California Auto Specialist and Apartment Complex,6,3,3,Colton,California,Commerce,0,0,1,0,8/8/2005,2:40:00 PM,35,Male
Campbell County Comprehensive High School,2,1,1,Jacksboro,Tennessee,Education,0,0,1,0,11/8/2005,2:14:00 PM,14,Male
Capital Gazette,7,2,5,Annapolis,Maryland,Commerce,0,1,0,0,6/29/2018,2:34:00 PM,38,Male
Cascade Mall,5,0,5,Burlington,Washington,Commerce,1,0,0,0,9/23/2016,6:52:00 PM,20,Male
"Case Western Reserve University, Weatherhead School of Management",3,2,1,Cleveland,Ohio,Education,1,0,1,0,5/9/2003,3:55:00 PM,62,Male
Cedarville Rancheria Tribal Office,6,2,4,Alturas,California,Government,0,0,1,0,2/20/2014,3:30:00 PM,44,Female
Chardon High School,6,3,3,Chardon,Ohio,Education,0,0,1,0,2/27/2012,7:30:00 AM,17,Male
Cici's Pizza and Walmart,2,0,2,Las Vegas,Nevada,Commerce,0,1,1,0,6/8/2014,11:20:00 AM,31,Male
Cici's Pizza and Walmart,1,0,1,Las Vegas,Nevada,Commerce,0,0,1,0,6/8/2014,11:20:00 AM,22,Female
Cinemark Century 16,70,58,12,Aurora,Colorado,Commerce,1,1,1,0,7/20/2012,12:30:00 AM,24,Male
City Grill Café,4,2,2,Hurtsboro,Alabama,Commerce,1,0,0,0,3/7/2018,6:30:00 AM,64,Male
Clackamas Town Center Mall,3,1,2,Happy Valley,Oregon,Commerce,1,0,0,0,12/11/2012,3:25:00 PM,22,Male
Clovis-Carver Public Library,6,4,2,Clovis,New Mexico,Government,0,0,1,0,8/28/2017,4:15:00 PM,16,Male
Club LT Tranz,3,2,1,Houston,Texas,Commerce,,,,,7/25/2009,4:40:00 AM,,
Coffee and Geneva Counties Alabama,11,1,10,NA,Alabama,Open Space,1,0,0,0,3/10/2009,4:00:00 PM,28,Male
"Cole Hall Auditorium, Northern Illinois University",21,16,5,DeKalb,Illinois,Education,0,1,3,0,2/14/2008,3:00:00 PM,27,Male
Columbia High School,1,1,0,East Greenbush,New York,Education,0,1,0,0,2/9/2004,10:30:00 AM,16,Male
ConAgra Plant,8,2,6,Kansas City,Kansas,Commerce,0,0,1,0,7/2/2004,5:00:00 PM,21,Male
Co-op City Apartment Building's Leasing Office,3,2,1,Bronx,New York,Commerce,0,0,1,0,8/30/2007,7:50:00 AM,44,Male
"Copley Township Neighborhood, Ohio",8,1,7,Copley Township,Ohio,Residence,0,0,2,0,8/7/2011,10:55:00 AM,51,Male
Copper Top Bar,18,18,0,Tuscaloosa,Alabama,Commerce,1,0,0,0,7/17/2012,12:29:00 AM,44,Male
Crawford County Courthouse,1,1,0,Girard,Kansas,Government,1,0,3,0,9/13/2011,3:37:00 PM,48,Male
Dad's Sing Along Club,2,2,0,San Antonio,Texas,Commerce,0,0,1,0,3/14/2015,2:00:00 AM,29,Male
DaimlerChrysler's Toledo North Assembly Plant,3,2,1,Toledo,Ohio,Commerce,0,1,0,0,1/26/2005,8:34:00 PM,54,Male
Days Inn and Volunteer Parkway,4,3,1,Bristol,Tennessee,Open Space,1,0,1,0,7/7/2016,2:18:00 AM,37,Male
Deer Creek Middle School,2,2,0,Littleton,Colorado,Education,1,0,0,0,2/23/2010,3:10:00 PM,32,Male
Dixon High School,0,0,0,Dixon,Illinois,Education,1,0,0,0,5/16/2018,8:00:00 AM,19,Male
Dollar General Store,1,1,0,Cheektowaga,New York,Commerce,2,0,0,0,11/14/2017,4:30:00 PM,29,Male
Edgewater Technology Inc.,7,0,7,Wakefield,Massachusetts,Commerce,1,1,1,0,12/26/2000,11:15:00 AM,42,Male
Emanuel African Methodist Epispocal Church,9,0,9,Charleston,South Carolina,House of Worship,1,0,0,0,6/17/2015,9:00:00 PM,21,Male
Emcore Corporation,6,4,2,Albuquerque,New Mexico,Commerce,0,0,1,0,7/12/2010,9:30:00 AM,37,Male
Essex Elementary School and Two Residences,4,2,2,Essex,Vermont,Education,0,0,1,0,8/24/2006,1:55:00 PM,26,Male
Eugene Simpson Stadium Park,4,4,0,Alexandria,Virginia,Open Space,1,0,1,0,6/14/2017,7:15:00 AM,66,Male
"Excel Industries and Newton and Hesston, Kansas",17,14,3,Newton,Kansas,Commerce,1,0,1,0,2/25/2016,4:57:00 PM,38,Male
Family Dental Care,5,4,1,Simi Valley,California,Commerce,1,0,0,0,7/1/2009,10:30:00 AM,30,Male
Farm King Store,0,0,0,Macomb,Illinois,Commerce,1,0,0,0,2/3/2010,12:45:00 PM,19,Male
Federal Express,6,6,0,Kennesaw,Georgio,Commerce,0,1,0,1,4/29/2014,5:50:00 AM,19,Male
Fiamma Inc.,5,0,5,Orlando,Florida,Commerce,0,0,1,0,6/5/2017,8:00:00 AM,45,Male
Fifth Third Center,5,2,3,Cincinnati,Ohio,Commerce,0,0,1,0,9/6/2018,9:10:00 AM,29,Male
"First Baptist Church in Sutherland Springs, Texas",46,20,26,Sutherland Springs,Texas,House of Worship,1,0,0,0,11/5/2017,11:20:00 AM,26,Male
Florida State University,3,3,0,Tallahassee,Florida,Education,0,0,1,0,11/20/2014,12:00:00 AM,31,Male
Forsyth County Courthouse,1,1,0,Cumming,Georgio,Government,1,0,3,2,6/6/2014,10:00:00 AM,48,Male
Fort Bliss Convenience Store,2,1,1,El Paso,Texas,Government,0,0,1,0,9/20/2010,3:00:00 PM,63,Male
Fort Hood Army Base,15,12,3,Fort Hood,Texas,Government,0,0,1,0,4/2/2014,4:00:00 PM,34,Male
Fort Hood Soldier Readiness Processing Center,45,32,13,Fort Hood,Texas,Government,0,0,2,0,11/5/2009,1:20:00 PM,39,Male
Fort Lauderdale-Hollywood International Airport,13,8,5,Fort Lauderdale,Florida,Government,0,0,1,0,1/6/2017,1:15:00 PM,26,Male
Forza Coffee Shop,4,0,4,Tacoma,Washington,Commerce,0,0,1,0,11/29/2009,8:15:00 AM,37,Male
"Frankstown Township, Pennsylvania",6,3,3,Frankstown Township,Pennsylvania,Open Space,0,0,2,0,12/21/2012,8:59:00 AM,44,Male
Freeman High School,4,3,1,Rockford,Washington,Education,1,0,1,0,9/13/2017,10:00:00 AM,15,Male
FreightCar America,4,3,1,Roanoke,Virginia,Commerce,0,0,1,0,10/25/2016,6:00:00 AM,53,Male
"Gainesville, Florida",6,5,1,Gainesville,Florida,Open Space,0,0,1,0,10/4/2010,4:00:00 PM,24,Male
Giordano and Giordano Law Office,5,3,2,Alexandria,Louisiana,Commerce,0,0,1,0,10/4/2007,2:00:00 PM,63,Male
GLHF Game Bar,13,11,2,Jacksonville,Florida,Commerce,0,0,2,0,8/26/2018,1:34:00 PM,24,Male
Gold Leaf Nursery,3,0,3,Boynton Beach,Florida,Commerce,0,0,1,0,7/28/2003,11:40:00 AM,45,Male
"Government Buildings in Austin, Texas",0,0,0,Austin,Texas,Government,1,0,1,2,11/28/2014,2:21:00 AM,49,Male
Grady Crawford Construction,3,1,2,Baton Rouge,Louisiana,Commerce,0,0,1,0,12/23/2009,1:50:00 PM,53,Male
Grand 16 Theatre,11,9,2,Lafayette,Louisiana,Commerce,0,0,1,0,7/23/2015,7:15:00 PM,59,Male
Granite Hills High School,5,5,0,El Cajon,California,Education,0,1,1,0,3/22/2001,12:55:00 PM,18,Male
"Group Home in Topeka, Kansas",4,1,3,Topeka,Kansas,Health Care,0,0,1,0,4/30/2017,3:50:00 PM,25,Male
Hardford Beer Distribution Center,10,2,8,Manchester,Connecticut,Commerce,0,0,2,0,8/3/2010,7:00:00 AM,34,Male
Harkness Hall at Hampton University,2,2,0,Hampton,Virginia,Education,0,0,3,0,4/26/2009,12:57:00 AM,18,Male
H-E-B Grocery Store,4,3,1,Palmview,Texas,Commerce,0,0,1,0,11/28/2016,3:15:00 AM,25,Male
Helen Vine Recovery Center,3,2,1,San Rafael,California,Health Care,0,0,1,0,11/5/2018,1:30:00 AM,37,Male
Hialeah Apartment Building,6,0,6,Hialeah,Florida,Residence,0,0,1,0,7/26/2013,6:30:00 PM,42,Male
"Highway 141 in Gateway, Colorado",0,0,0,Gateway,Colorado,Open Space,0,0,1,0,7/30/2017,4:15:00 PM,54,Male
"Highway 365 Near Whitehall Road in Gainesville, Georgia",3,3,0,Gainesville,Georgia,Open Space,0,0,1,0,5/4/2018,11:58:00 AM,26,Male
Highway 509 Near Seattle-Tacoma International Airport,0,0,0,Seattle,Washington,Open Space,,,,,6/13/2018,1:42:00 PM,,
Hon-Dah Resort Casino and Conference Center,2,2,0,Pinetop,Arizona,Commerce,1,0,0,0,8/2/2014,6:38:00 PM,28,Male
Hot Yoga Tallahassee,7,5,2,Tallahassee,Florida,Commerce,0,0,1,0,11/2/2018,5:37:00 PM,40,Male
"House Party in Mukilteo, Washington",4,1,3,Mukilteo,Washington,Residence,1,0,0,0,7/30/2016,12:07:00 AM,19,Male
"House Party in South Jamaica, New York",11,11,0,Queens,New York,Residence,0,0,1,0,8/27/2011,12:40:00 AM,22,Male
Inland Region Center,18,11,7,San Bernardino,California,Commerce,1,0,1,1,12/2/2015,11:30:00 AM,28,Male
Inland Region Center,18,11,7,San Bernardino,California,Commerce,1,0,1,0,12/2/2015,11:30:00 AM,29,Female
Inskip Elementary School,2,2,0,Knoxville,Tennessee,Education,0,0,1,0,2/10/2010,12:49:00 PM,48,Male
International House of Pancakes,11,7,4,Carson City,Nevada,Commerce,1,0,0,0,9/6/2011,8:58:00 AM,32,Male
"Interstate 5 in Skagit County, Washington",10,4,6,Alger,Washington,Open Space,1,0,0,0,9/2/2008,2:15:00 PM,28,Male
J.T. Tire,4,2,2,Durham,North Carolina,Commerce,0,0,1,0,3/23/2012,3:02:00 PM,24,Male
Jewish Community Center of Greater Kansas City and Village Shalom Retirement Community,3,0,3,Overland Park,Kansas,House of Worship,0,1,2,0,4/13/2014,1:00:00 AM,73,Male
Jewish Federation of Greater Seattle,6,5,1,Seattle,Washington,House of Worship,0,0,2,0,7/28/2006,4:00:00 PM,30,Male
John's Barbershop and Gaffey's Clean Car Center,6,2,4,Herkimer,New York,Commerce,0,1,0,0,3/13/2013,9:30:00 AM,64,Male
Kanawha County Board of Education,1,1,0,Charleston,West Virginia,Education,2,0,2,0,7/17/2003,7:00:00 PM,58,Male
Kelly Elementary School,2,2,0,Carlsbad,California,Education,0,0,1,0,10/8/2010,12:10:00 PM,41,Male
Kenyon Press,3,3,0,Signal Hill,California,Commerce,0,0,1,0,3/5/2007,9:00:00 AM,68,Male
Kirkwood City Hall,6,0,6,Kirkwood,Missouri,Government,0,0,2,0,2/7/2008,7:00:00 PM,52,Male
Kkottongnae Retreat Camp,3,2,1,Temecula,California,House of Worship,0,0,1,0,4/7/2009,7:23:00 PM,69,Male
Knight Transportation Building,3,2,1,Katy,Texas,Commerce,0,1,1,0,5/4/2016,8:45:00 AM,65,Male
Kraft Foods Factory,3,1,2,Philadelphia,Pennsylvania,Commerce,0,0,1,0,9/9/2010,8:35:00 PM,43,Female
"Kroger Grocery Store in Jeffersontown, Kentucky",2,0,2,Jeffersontown,Kentucky,Commerce,0,0,1,0,10/24/2018,3:00:00 PM,51,Male
LA Fitness,12,9,3,Collier Township,Pennsylvania,Commerce,0,0,3,0,8/4/2009,7:56:00 PM,48,Male
La Jolla Crossroads Apartment Complex,8,7,1,San Diego,California,Residence,0,0,1,0,4/30/2017,6:00:00 PM,49,Male
Labor Ready Inc,5,4,1,Huntsville,Alabama,Commerce,0,0,1,0,2/25/2003,6:25:00 AM,23,Male
Laidlaw Transit Services Maintenance Yard,4,3,1,San Jose,California,Commerce,0,0,1,0,4/23/2001,6:00:00 AM,36,Female
"Lake Butler, Florida",4,2,2,Lake Butler,Florida,Open Space,1,1,0,0,8/24/2013,9:20:00 AM,72,Male
Larose-Cut Off Middle School,0,0,0,Cut Off,Louisiana,Education,0,0,1,0,5/18/2009,9:00:00 AM,15,Male
Las Dominicanas M&M Hair Salon,4,1,3,Casselberry,Florida,Commerce,0,0,1,0,10/18/2012,11:09:00 AM,36,Male
Las Vegas Bus,2,1,1,Las Vegas,Nevada,Other,0,0,1,0,3/25/2017,10:45:00 AM,55,Male
"Law Street in Houston, Texas",9,9,0,Houston,Texas,Open Space,0,0,1,0,9/26/2016,6:30:00 AM,46,Male
Legacy Metrolab,3,2,1,Tualatin,Oregon,Commerce,1,1,1,0,11/10/2009,12:00:00 AM,39,Male
Lehigh Southwest Cement Plant,10,7,3,Cupertino,California,Commerce,2,1,1,0,10/5/2011,4:15:00 AM,49,Male
Liberty Transportation,2,0,2,Perrysburg,Ohio,Commerce,2,0,2,0,8/8/2007,3:15:00 PM,43,Male
Living Church of God,11,4,7,Brookfield,Wisconsin,House of Worship,0,0,1,0,3/12/2005,12:51:00 PM,44,Male
Lloyd D. George U.S. Courthouse and Federal Building,0,1,1,Las Vegas,Nevada,Government,0,1,0,0,1/4/2010,8:02:00 AM,66,Male
Lockheed Martin Subassembly Plant,14,8,6,Meridian,Mississippi,Commerce,1,1,0,0,7/8/2003,9:30:00 AM,48,Male
Los Angeles Internation Airport,4,3,1,Los Angeles,California,Government,1,0,0,0,11/1/2013,9:18:00 AM,23,Male
Louie's Lakeside Eatery,4,4,0,Oklahoma City,Oklahoma,Commerce,0,0,1,0,5/24/2018,6:30:00 PM,28,Male
Louisiana Technical College,2,0,2,Baton Rouge,Louisiana,Education,0,0,1,0,2/8/2008,8:35:00 AM,23,Female
Madison Junior/Senior High School,4,4,0,Middletown,Ohio,Education,0,0,1,0,2/29/2016,11:30:00 AM,14,Male
"Marathon Savings Bank and Tlusty, Kennedy & Dirks, S.C.",4,0,4,Rothschild,Wisconsin,Commerce,1,0,1,0,3/22/2017,12:27:00 PM,45,Male
Marjory Stoneman Douglas High School,34,17,17,Parkland,Florida,Education,1,0,0,0,2/14/2018,2:30:00 PM,19,Male
Marshall County High School,23,21,2,Benton,Kentucky,Education,0,0,1,0,1/23/2018,7:57:00 AM,15,Male
Martin's Supermarket,2,0,2,Elkhart,Indiana,Commerce,0,0,1,0,1/15/2014,10:09:00 PM,22,Male
Marysville-Pilchuck High School,7,3,4,Marysville,Washington,Education,0,0,1,0,10/24/2014,10:39:00 AM,15,Male
Masontown Borough Municipal Center,4,4,0,Masontown,Pennsylvania,Government,0,0,1,0,9/19/2018,2:00:00 PM,61,Male
McBride Lumber Company,4,1,3,Star,North Carolina,Commerce,0,1,0,0,1/13/2012,6:10:00 AM,50,Male
Melbourne Square Mall,2,1,1,Melbourne,Florida,Commerce,0,0,3,0,1/17/2015,9:31:00 AM,57,Male
Memorial Middle School,0,0,0,Joplin,Missouri,Education,1,0,1,0,10/9/2006,7:40:00 AM,13,Male
Memorial Tire and Auto,7,6,1,Houston,Texas,Commerce,1,0,1,0,5/29/2016,10:15:00 AM,25,Male
Mercy Hospital & Medical Center,3,0,3,Chicago,Illinois,Health Care,0,0,1,0,11/19/2018,3:20:00 PM,32,Male
Middletown City Court,1,1,0,Middletown,New York,Government,0,1,0,0,2/8/2012,9:05:00 AM,43,Male
Millard South High School,2,1,1,Omaha,Nebraska,Education,0,0,1,0,1/5/2011,12:44:00 PM,17,Male
Minaret Temple 174,10,8,2,Chester,Philadelphia,Commerce,0,0,1,0,4/8/2011,11:27:00 PM,16,Male
Modine Manufacturing Company,8,5,3,Jefferson City,Missouri,Commerce,0,0,1,0,7/1/2003,10:28:00 PM,25,Male
Monroeville Mall,3,3,0,Monroeville,Pennsylvania,Commerce,0,0,1,0,2/7/2015,7:33:00 PM,17,Male
"Motel 6 in Albuquerque, New Mexico",0,0,0,Albuquerque,New Mexico,Commerce,1,0,0,0,12/24/2018,11:00:00 AM,35,Male
Multiple Locations in Baltimore Maryland,3,3,0,Baltimore,Maryland,Open Space,1,0,1,0,12/15/2017,2:55:00 PM,30,Male
"Multiple Locations in Clearlake Oaks, California",5,3,2,Clearlake Oaks,California,Commerce,0,1,1,0,10/23/2017,11:23:00 AM,61,Male
"Multiple Locations in Fresno, California",3,0,3,Fresno,California,Open Space,0,0,1,0,4/18/2017,10:45:00 AM,39,Male
"Multiple Locations in Isla Vista, California",20,14,6,Isla Vista,California,Open Space,0,0,1,0,5/23/2014,9:27:00 PM,22,Male
"Multiple Locations in Joplin, Missouri",5,5,0,Joplin,Missouri,Open Space,1,0,1,0,8/13/2016,5:08:00 AM,26,Male
"Multiple Locations in Kalamazoo, Michigan",8,2,6,Kalamazoo,Michigan,Open Space,0,0,1,0,2/20/2016,5:40:00 PM,45,Male
"Multiple Locations in Mesa, Arizona",6,5,1,Mesa,Arizona,Open Space,0,0,1,0,3/18/2015,8:39:00 AM,41,Male
"Multiple Locations in Moscow, Idaho",4,1,3,Moscow,Idaho,Open Space,,,,,1/10/2015,2:31:00 PM,29,Male
"Multiple Locations in Owosso, Michigan",2,0,2,Owosso,Michigan,Open Space,0,0,3,0,9/11/2009,7:20:00 AM,33,Male
"Multiple Locations in Philadelphia, Pennsylvania",6,5,1,Philadelphia,Pennsylvania,Open Space,0,0,1,0,9/16/2016,11:15:00 PM,25,Male
Navistar International Corporation Factory,8,4,4,Melrose Park,Illinois,Commerce,2,1,1,0,2/5/2019,9:40:00 AM,57,Male
"Neighborhood in Colorado Springs, Colorado",3,0,3,Colorado Springs,Colorado,Open Space,1,0,2,0,10/31/2015,8:55:00 AM,33,Male
"Neighborhood in Tallahassee, Florida",2,1,1,Tallahassee,Florida,Residence,0,0,1,0,11/22/2014,10:15:00 AM,53,Male
New Hope City Hall,4,4,0,New Hope,Minnesota,Government,0,1,0,0,1/26/2015,7:15:00 PM,68,Male
"New River Community College, Satellite Campus",2,2,0,Christiansburg,Virgina,Education,0,1,0,0,4/12/2013,1:55:00 PM,22,Male
Noblesville West Middle School,2,2,0,Noblesville,Indiana,Education,0,0,2,0,5/25/2018,9:06:00 AM,13,Male
"North Milwaukee Avenue, Chicago",0,0,0,Chicago,Illinois,Open Space,0,0,1,0,4/19/2015,11:50:00 PM,21,Male
Nu-Wood Decorative Millwork Plant,7,6,1,Goshen,Indiana,Commerce,0,1,0,0,12/6/2001,2:31:00 PM,36,Male
Oikos University,10,3,7,Oakland,California,Education,0,0,1,0,4/2/2012,10:30:00 AM,43,Male
Omni Austin Hotel Downtown,1,0,1,Austin,Texas,Commerce,1,0,0,0,7/5/2015,4:48:00 AM,35,Male
Orange High School and Residence,3,2,1,Hillsborough,North Carolina,Education,2,1,0,3,8/30/2006,1:00:00 PM,19,Male
Osborn Maledon Law Firm,3,1,2,Phoenix,Arizona,Commerce,0,0,1,0,1/30/2013,10:45:00 AM,70,Male
Panama City School Board Meetings,0,0,0,Panama City,Florida,Education,0,0,1,0,12/14/2010,2:14:00 PM,56,Male
Parking Lots for Kellum Law Firm and Walmart,4,4,0,Greenville,North Carolina,Open Space,0,1,0,0,6/21/2013,11:44:00 AM,23,Male
Parking Lots in Philadelphia Pennsylvania,2,0,2,Philadelphia,Pennsylvania,Open Space,0,0,1,0,10/7/2005,10:13:00 AM,45,Male
Parkwest Medical Center,3,2,1,Knoxville,Tennessee,Health Care,0,0,1,0,4/19/2010,4:30:00 AM,38,Male
Pathmark Supermarket,2,0,2,Old Bridge,New Jersey,Commerce,1,0,1,0,8/31/2012,4:00:00 AM,23,Male
Pennsylvania Municipal Building,5,2,3,Saylorsburg,Pennsylvania,Government,1,0,1,0,8/5/2013,7:19:00 PM,59,Male
Penske Truck Rental,5,2,3,Kennesaw,Georgia,Commerce,0,0,2,0,1/12/2010,2:00:00 PM,60,Male
Perry Hall High School,1,1,0,Baltimore,Maryland,Education,0,1,0,0,8/27/2012,10:45:00 AM,15,Male
Pine Kirk Care Center,3,0,3,Kirkersville,Ohio,Health Care,0,1,1,0,5/12/2017,7:30:00 AM,43,Male
Pine Middle School,2,2,0,Reno,Nevada,Education,0,0,1,0,3/14/2006,9:00:00 AM,14,Male
Pinelake Health and Rehabilitiation Center,11,3,8,Carthage,North Carolina,Health Care,1,1,1,0,3/29/2009,10:00:00 AM,45,Male
Pinewood Village Apartments,4,0,4,Federal Way,Washington,Residence,0,1,1,0,4/21/2013,9:30:00 PM,27,Male
Planned Parenthood - Colorado Springs Westside Health Center,12,9,3,Colorado Springs,Colorado,Health Care,1,0,0,0,11/27/2015,11:38:00 AM,57,Male
Player's Bar and  Grill,4,2,2,Winnemucca,Nevada,Commerce,0,0,1,0,5/25/2008,2:25:00 AM,30,Male
Prince George's County Police Department District 3 Station,1,0,1,Landover,Maryland,Government,0,0,1,0,3/13/2016,4:30:00 PM,22,Male
Private Property near Meteor Wisconsin,8,2,6,Meteor,Wisconsin,Open Space,1,0,0,0,11/21/2004,12:00:00 PM,36,Male
Protest in Dallas Texas,16,11,5,Dallas,Texas,Open Space,2,0,1,0,7/7/2016,9:00:00 PM,25,Male
Publix Super Market,1,0,1,Tarpon Springs,Florida,Commerce,0,0,1,0,3/30/2010,12:00:00 PM,41,Female
Pulse Nightclub,102,53,49,Orlando,Florida,Commerce,1,0,1,0,6/12/2016,2:02:00 AM,29,Male
Radio Shack in Gateway Mall,3,1,2,St. Petersburg,Florida,Commerce,0,0,1,0,11/18/2004,6:45:00 PM,25,Male
"Rancho Tehama Elementary School and Multiple Locations in Tehama County, California",19,14,5,Rancho Tehama Reserve,California,Education,1,0,2,0,11/14/2017,7:53:00 AM,44,Male
Red Lake High School and Residence,15,6,9,Red Lake,Minnesota,Education,0,1,2,0,3/21/2005,2:49:00 PM,16,Male
Red Lion Junior High School,1,0,1,Red Lion,Pennsylvania,Education,0,0,3,0,4/24/2003,7:34:00 AM,14,Male
Renown Regional Medical Center,3,2,1,Reno,Nevada,Health Care,0,1,2,0,12/17/2013,2:00:00 PM,51,Male
"Residence and Bus Stop in Sanford, Florida",6,4,2,Sanford,Florida,Open Space,1,0,0,0,3/27/2017,6:20:00 AM,31,Male
Residence and Construction Site in Jonesboro Arkansas,6,4,2,Jonesboro,Arkansas,Residence,0,0,1,0,5/3/2014,1:00:00 PM,40,Male
"Residence in Brooksville, Florida",5,2,3,Brooksville,Florida,Residence,0,0,1,0,1/14/2010,2:59:00 PM,55,Male
Residence in Capitol Hill Neighborhood Seattle Washington,8,2,6,Seattle,Washington,Residence,1,1,1,0,3/25/2006,7:03:00 AM,28,Male
Residence in Crandon Wisconsin,7,1,6,Crandon,Wisconsin,Residence,1,0,0,0,10/7/2007,2:45:00 AM,20,Male
"Residence in Panama City Beach, Florida",7,7,0,Panama City Beach,Florida,Residence,0,0,1,0,3/28/2015,12:53:00 AM,21,Male
Residence Latah County Courthouse and First Presbyterian Church,6,3,3,Moscow,Idaho,Government,2,0,0,0,5/19/2007,11:00:00 PM,36,Male
Reynolds High School,2,1,1,Portland,Oregon,Education,1,0,1,0,6/10/2014,8:05:00 AM,15,Male
"Reynolds, Smith and Hills",6,5,1,Orlando,Florida,Commerce,0,0,1,0,11/6/2009,11:44:00 AM,40,Male
Rite Aid Perryman Distribution Center's Liberty Support Center,6,3,3,Aberdeen,Maryland,Commerce,0,0,1,0,9/20/2018,9:06:00 AM,26,Female
Rocori High School,2,0,2,Cold Spring,Minnesota,Education,0,0,1,0,9/24/2003,11:35:00 AM,15,Male
Route 91 Harvest Festival,547,489,58,Las Vegas,Nevada,Open Space,4,0,0,0,10/1/2017,10:08:00 PM,64,Male
Safeway Grocery,19,13,6,Tucson,Arizona,Open Space,0,0,1,0,1/8/2011,10:10:00 AM,22,Male
Safeway Warehouse,6,5,1,Denver,Colorado,Commerce,0,0,1,0,6/25/2006,3:03:00 PM,22,Male
Salon Meritage,8,1,7,Seal Beach,California,Commerce,0,0,3,0,10/12/2011,1:20:00 PM,41,Male
Sandbar Sports Grill,4,3,1,Vail,Colorado,Commerce,0,0,1,0,11/7/2009,7:28:00 PM,63,Male
Sandy Hook Elementary School and Residence,29,2,27,Newtown,Connecticut,Education,1,0,2,0,12/14/2012,12:00:00 AM,20,Male
Santa Barbara U.S. Postal Processing and Distribution Center,6,0,6,Goleta,California,Government,0,0,1,0,1/30/2006,7:15:00 PM,44,Female
Santa Fe High School,22,12,10,Santa Fe,Texas,Education,0,1,1,2,5/18/2018,7:30:00 AM,17,Male
Santa Monica College and Residence,9,4,5,Santa Monica,California,Education,0,0,1,0,6/7/2013,11:52:00 AM,23,Male
Santana High School,15,13,2,Santee,California,Education,0,0,1,0,3/5/2001,9:20:00 AM,15,Male
Schlenker Automotive,2,1,1,Rockledge,Florida,Commerce,0,0,1,0,11/17/2017,4:30:00 PM,28,Male
Seattle Pacific University,4,3,1,Seattle,Washington,Education,0,1,0,0,6/5/2014,3:25:00 PM,26,Male
"Shelby Center, University of Alabama",6,3,3,Huntsville,Alabama,Education,0,0,1,0,2/12/2010,4:00:00 PM,44,Female
Sikh Temple of Wisconsin,10,4,6,Oak Creek,Wisconsin,House of Worship,0,0,1,0,8/5/2012,10:25:00 AM,40,Male
Sioux Steel Pro-Tec,3,2,1,Lennox,South Dakota,Commerce,0,0,1,0,2/12/2015,2:00:00 PM,51,Male
Sister Marie Lenahan Wellness Center,2,1,1,Darby,Pennsylvania,Health Care,0,0,1,0,7/24/2014,2:20:00 PM,49,Male
Southern California Edison Corporate Office Building,4,2,2,Irwindale,California,Commerce,0,0,1,0,12/16/2011,1:30:00 PM,51,Male
Sparks Middle School,3,2,1,Sparks,Nevada,Education,0,0,1,0,10/21/2013,7:16:00 AM,12,Male
St. Vincent's Hospital,3,3,0,Birmingham,Alabama,Health Care,0,0,1,0,12/15/2012,4:00:00 AM,38,Male
"Streets of Tulsa, Oklahoma",2,1,1,Tulsa,Oaklahoma,Open Space,0,0,1,0,4/6/2012,1:03:00 AM,19,Male
"Streets of Tulsa, Oklahoma",3,1,2,Tulsa,Oaklahoma,Open Space,0,0,1,0,4/6/2012,1:03:00 AM,32,Male
SuccessTech Academy,4,4,0,Cleveland,Ohio,Education,0,0,2,0,10/10/2007,1:02:00 PM,14,Male
"Syverud Law Office and Miller-Meier Limb and Brace, Inc.",2,2,0,Davenport,Iowa,Commerce,0,0,1,0,10/26/2015,1:56:00 PM,40,Male
"T & T Trucking, Inc. and a Residence",5,0,5,Bakersfield,California,Commerce,0,0,1,0,9/12/2018,5:20:00 PM,54,Male
Tacoma Mall,6,6,0,Tacoma,Washington,Commerce,1,0,1,0,11/20/2005,12:00:00 PM,20,Male
Taft Union High School,2,2,0,Taft,California,Education,0,1,0,0,1/10/2013,8:59:00 AM,16,Male
Target Store,10,8,2,Kansas City,Missouri,Commerce,1,0,0,0,4/29/2007,3:25:00 PM,51,Male
Tennessee Valley Unitarian Universalist Church,9,7,2,Knoxville,Tennessee,House of Worship,0,1,0,0,7/27/2008,10:18:00 AM,58,Male
The Cooler,4,4,0,Rock Falls,Illinois,Commerce,0,0,1,0,4/15/2017,9:30:00 PM,32,Male
The Mall in Columbia,7,5,2,Columbia,Maryland,Commerce,0,1,0,1,1/25/2014,11:15:00 AM,19,Male
"The Ohio State University, Maintenance Building",2,1,1,Columbus,Ohio,Education,0,0,2,0,3/9/2010,3:30:00 AM,50,Male
The Pentagon,2,2,0,Arlington,Virginia,Government,0,0,1,0,3/4/2010,6:36:00 PM,36,Male
The Zone,9,7,2,Portland,Oregon,Commerce,0,0,1,0,1/24/2009,10:37:00 PM,24,Male
Tom Bradley International Terminal at Los Angeles International Airport,4,2,2,Los Angeles,California,Government,0,0,2,0,7/4/2002,11:30:00 AM,43,Male
Townville Elementary School,5,3,2,Townville,South Carolina,Education,0,0,1,0,9/28/2016,1:45:00 PM,14,Male
Tree of Life Synagogue,17,6,11,Pittsburgh,Pennsylvania,House of Worship,1,0,3,0,10/27/2018,9:45:00 AM,46,Male
"Trestle Trail Bridge, Wisconsin",4,1,3,Menasha,Wisconsin,Open Space,0,0,2,0,5/3/2015,7:30:00 PM,27,Male
Trolley Square Mall,9,4,5,Salt Lake City,Utah,Commerce,0,1,1,0,2/12/2007,6:42:00 PM,18,Male
"Two Military Centers in Chattanooga, Tennessee",7,2,5,Chattanooga,Tennessee,Government,1,0,0,0,7/16/2015,10:51:00 AM,24,Male
U.S. Army Recruiting Center,2,1,1,Little Rock,Arkansas,Government,2,0,1,0,6/1/2009,10:19:00 AM,23,Male
Umpqua Community College,16,7,9,Roseburg,Oregon,Education,1,0,2,0,10/1/2015,10:38:00 AM,26,Male
United Parcel Service,2,0,2,Birmingham,Alabama,Commerce,0,0,1,0,9/23/2014,9:20:00 AM,45,Male
United States Holocaust Memorial Museum,1,0,1,Washington,D.C.,Government,1,0,0,0,6/10/2009,12:52:00 PM,88,Male
University of Cincinnati Medical Center,1,1,0,Cincinnati,Ohio,Health Care,0,0,2,0,12/20/2017,2:00:00 PM,20,Male
"University of Pittsburgh Medical Center, Western Psychiatric Institute and Clinic",8,7,1,Pittsburgh,Pennsylvania,Education,0,0,2,0,3/8/2012,1:40:00 PM,30,Male
UPS Customer Center,8,5,3,San Francisco,California,Commerce,0,0,2,0,6/14/2017,8:55:00 AM,38,Male
Valley Protein,4,2,2,Fresno,California,Commerce,0,0,1,0,11/6/2012,8:15:00 AM,42,Male
Virginia Polytechnic Institute and State University,49,17,32,Blacksburg,Virginia,Education,0,0,2,0,4/16/2007,7:15:00 AM,23,Male
Von Maur in Westroads Mall,12,4,8,Omaha,Nebraska,Commerce,1,0,0,0,12/5/2007,1:42:00 PM,19,Male
Waffle House,8,4,4,Nashville,Tennessee,Commerce,1,0,0,0,4/22/2018,3:30:00 AM,29,Male
Walmart,3,3,0,Reno,Nevada,Commerce,0,0,2,0,10/29/2010,8:57:00 AM,45,Male
"Walmart in Thornton, Colorado",3,0,3,Thornton,Colorado,Commerce,0,0,1,0,11/1/2017,6:10:00 PM,47,Male
Walmart Supercenter,2,1,1,Grand Forks,North Dakota,Commerce,0,0,1,0,5/26/2015,1:00:00 AM,21,Male
Washington Navy Yard Building 197,19,7,12,Washington D.C.,Washington D.C.,Government,0,1,0,0,9/16/2013,8:16:00 AM,34,Male
"Washington, D.C. Department of Public Works",2,1,1,Washington D.C.,Washington D.C.,Government,,,,,10/13/2010,6:14:00 AM,,
Watkins Motor Lines,5,3,2,West Chester,Ohio,Commerce,0,0,2,0,11/6/2003,9:57:00 AM,50,Male
Weis Supermarket,3,0,3,Tunkhannock,Pennsylvania,Commerce,0,2,0,0,6/8/2017,1:00:00 AM,24,Male
Wendy's Fast Food Restaurant,5,4,1,West Palm Beach,Florida,Commerce,0,0,1,0,3/3/2008,12:15:00 PM,60,Male
West Liberty-Salem High School,2,2,0,West Liberty,Ohio,Education,0,1,0,0,1/20/2017,7:36:00 AM,17,Male
West Nickel Mines School,10,5,5,Bart Township,Pennsylvania,Education,1,1,1,0,10/2/2006,10:30:00 AM,32,Male
Weston High School,1,0,1,Cazenovia,Wisconsin,Education,1,0,1,0,9/29/2006,8:00:00 AM,15,Male
Windy City Core Supply Inc,6,0,6,Chicago,Illinois,Commerce,0,0,1,0,8/27/2003,8:30:00 AM,36,Male
WTS Paradigm,4,4,0,Middleton,Wisconsin,Commerce,0,0,1,0,9/19/2018,10:30:00 AM,43,Male
Youth with a Mission Training Center/New Life Church,9,5,4,Colorado Springs,Colorado,House of Worship,1,0,2,2,12/9/2007,12:29:00 AM,24,Male
YouTube Headquarters,4,4,0,San Bruno,California,Commerce,0,0,1,0,4/3/2018,12:45:00 PM,39,Female
Yoyito Café,7,3,4,Hialeah,Florida,Commerce,0,0,1,0,6/6/2010,10:00:00 PM,37,Male
ZigZag Net Inc,4,1,3,Philadelphia,Pennsylvania,Commerce,1,0,1,0,2/12/2007,8:00:00 PM,44,Male
